,T,WAM.TN,WAM.FP,WAM.FN,WAM.TP,WAM.Rc,WAM.Pr,WAM.F1,WAM.Sn,WAM.Sp,Tpr,Fpr,T,BN.TN,BN.FP,BN.FN,BN.TP,BN.Rc,BN.Pr,BN.F1,BN.Sn,BN.Sp,Tpr,Fpr,T,SVM.TN,SVM.FP,SVM.FN,SVM.TP,SVM.Rc,SVM.Pr,SVM.F1,SVM.Sn,SVM.Sp,Tpr,Fpr
0,-40.0,0,2361,0,2639,1.0,0.53,0.69,1.0,0.0,1.0,1.0,-40.0,0,2361,0,2639,1.0,0.53,0.69,1.0,0.0,1.0,1.0,-40.0,0,2361,0,2639,1.0,0.53,0.69,1.0,0.0,1.0,1.0
1,-39.5,0,2361,0,2639,1.0,0.53,0.69,1.0,0.0,1.0,1.0,-39.5,0,2361,0,2639,1.0,0.53,0.69,1.0,0.0,1.0,1.0,-39.5,0,2361,0,2639,1.0,0.53,0.69,1.0,0.0,1.0,1.0
2,-39.0,0,2361,0,2639,1.0,0.53,0.69,1.0,0.0,1.0,1.0,-39.0,0,2361,0,2639,1.0,0.53,0.69,1.0,0.0,1.0,1.0,-39.0,0,2361,0,2639,1.0,0.53,0.69,1.0,0.0,1.0,1.0
3,-38.5,0,2361,0,2639,1.0,0.53,0.69,1.0,0.0,1.0,1.0,-38.5,0,2361,0,2639,1.0,0.53,0.69,1.0,0.0,1.0,1.0,-38.5,0,2361,0,2639,1.0,0.53,0.69,1.0,0.0,1.0,1.0
4,-38.0,0,2361,0,2639,1.0,0.53,0.69,1.0,0.0,1.0,1.0,-38.0,0,2361,0,2639,1.0,0.53,0.69,1.0,0.0,1.0,1.0,-38.0,0,2361,0,2639,1.0,0.53,0.69,1.0,0.0,1.0,1.0
5,-37.5,0,2361,0,2639,1.0,0.53,0.69,1.0,0.0,1.0,1.0,-37.5,0,2361,0,2639,1.0,0.53,0.69,1.0,0.0,1.0,1.0,-37.5,0,2361,0,2639,1.0,0.53,0.69,1.0,0.0,1.0,1.0
6,-37.0,0,2361,0,2639,1.0,0.53,0.69,1.0,0.0,1.0,1.0,-37.0,0,2361,0,2639,1.0,0.53,0.69,1.0,0.0,1.0,1.0,-37.0,0,2361,0,2639,1.0,0.53,0.69,1.0,0.0,1.0,1.0
7,-36.5,0,2361,0,2639,1.0,0.53,0.69,1.0,0.0,1.0,1.0,-36.5,0,2361,0,2639,1.0,0.53,0.69,1.0,0.0,1.0,1.0,-36.5,0,2361,0,2639,1.0,0.53,0.69,1.0,0.0,1.0,1.0
8,-36.0,0,2361,0,2639,1.0,0.53,0.69,1.0,0.0,1.0,1.0,-36.0,0,2361,0,2639,1.0,0.53,0.69,1.0,0.0,1.0,1.0,-36.0,0,2361,0,2639,1.0,0.53,0.69,1.0,0.0,1.0,1.0
9,-35.5,0,2361,0,2639,1.0,0.53,0.69,1.0,0.0,1.0,1.0,-35.5,0,2361,0,2639,1.0,0.53,0.69,1.0,0.0,1.0,1.0,-35.5,0,2361,0,2639,1.0,0.53,0.69,1.0,0.0,1.0,1.0
10,-35.0,0,2361,0,2639,1.0,0.53,0.69,1.0,0.0,1.0,1.0,-35.0,0,2361,0,2639,1.0,0.53,0.69,1.0,0.0,1.0,1.0,-35.0,0,2361,0,2639,1.0,0.53,0.69,1.0,0.0,1.0,1.0
11,-34.5,0,2361,0,2639,1.0,0.53,0.69,1.0,0.0,1.0,1.0,-34.5,0,2361,0,2639,1.0,0.53,0.69,1.0,0.0,1.0,1.0,-34.5,0,2361,0,2639,1.0,0.53,0.69,1.0,0.0,1.0,1.0
12,-34.0,0,2361,0,2639,1.0,0.53,0.69,1.0,0.0,1.0,1.0,-34.0,0,2361,0,2639,1.0,0.53,0.69,1.0,0.0,1.0,1.0,-34.0,0,2361,0,2639,1.0,0.53,0.69,1.0,0.0,1.0,1.0
13,-33.5,0,2361,0,2639,1.0,0.53,0.69,1.0,0.0,1.0,1.0,-33.5,0,2361,0,2639,1.0,0.53,0.69,1.0,0.0,1.0,1.0,-33.5,0,2361,0,2639,1.0,0.53,0.69,1.0,0.0,1.0,1.0
14,-33.0,0,2361,0,2639,1.0,0.53,0.69,1.0,0.0,1.0,1.0,-33.0,0,2361,0,2639,1.0,0.53,0.69,1.0,0.0,1.0,1.0,-33.0,0,2361,0,2639,1.0,0.53,0.69,1.0,0.0,1.0,1.0
15,-32.5,0,2361,0,2639,1.0,0.53,0.69,1.0,0.0,1.0,1.0,-32.5,0,2361,0,2639,1.0,0.53,0.69,1.0,0.0,1.0,1.0,-32.5,0,2361,0,2639,1.0,0.53,0.69,1.0,0.0,1.0,1.0
16,-32.0,0,2361,0,2639,1.0,0.53,0.69,1.0,0.0,1.0,1.0,-32.0,0,2361,0,2639,1.0,0.53,0.69,1.0,0.0,1.0,1.0,-32.0,0,2361,0,2639,1.0,0.53,0.69,1.0,0.0,1.0,1.0
17,-31.5,0,2361,0,2639,1.0,0.53,0.69,1.0,0.0,1.0,1.0,-31.5,0,2361,0,2639,1.0,0.53,0.69,1.0,0.0,1.0,1.0,-31.5,0,2361,0,2639,1.0,0.53,0.69,1.0,0.0,1.0,1.0
18,-31.0,0,2361,0,2639,1.0,0.53,0.69,1.0,0.0,1.0,1.0,-31.0,0,2361,0,2639,1.0,0.53,0.69,1.0,0.0,1.0,1.0,-31.0,0,2361,0,2639,1.0,0.53,0.69,1.0,0.0,1.0,1.0
19,-30.5,0,2361,0,2639,1.0,0.53,0.69,1.0,0.0,1.0,1.0,-30.5,0,2361,0,2639,1.0,0.53,0.69,1.0,0.0,1.0,1.0,-30.5,0,2361,0,2639,1.0,0.53,0.69,1.0,0.0,1.0,1.0
20,-30.0,0,2361,0,2639,1.0,0.53,0.69,1.0,0.0,1.0,1.0,-30.0,0,2361,0,2639,1.0,0.53,0.69,1.0,0.0,1.0,1.0,-30.0,0,2361,0,2639,1.0,0.53,0.69,1.0,0.0,1.0,1.0
21,-29.5,0,2361,0,2639,1.0,0.53,0.69,1.0,0.0,1.0,1.0,-29.5,0,2361,0,2639,1.0,0.53,0.69,1.0,0.0,1.0,1.0,-29.5,0,2361,0,2639,1.0,0.53,0.69,1.0,0.0,1.0,1.0
22,-29.0,0,2361,0,2639,1.0,0.53,0.69,1.0,0.0,1.0,1.0,-29.0,0,2361,0,2639,1.0,0.53,0.69,1.0,0.0,1.0,1.0,-29.0,0,2361,0,2639,1.0,0.53,0.69,1.0,0.0,1.0,1.0
23,-28.5,0,2361,0,2639,1.0,0.53,0.69,1.0,0.0,1.0,1.0,-28.5,0,2361,0,2639,1.0,0.53,0.69,1.0,0.0,1.0,1.0,-28.5,0,2361,0,2639,1.0,0.53,0.69,1.0,0.0,1.0,1.0
24,-28.0,0,2361,0,2639,1.0,0.53,0.69,1.0,0.0,1.0,1.0,-28.0,0,2361,0,2639,1.0,0.53,0.69,1.0,0.0,1.0,1.0,-28.0,0,2361,0,2639,1.0,0.53,0.69,1.0,0.0,1.0,1.0
25,-27.5,1,2360,0,2639,1.0,0.53,0.69,1.0,0.0,1.0,1.0,-27.5,0,2361,0,2639,1.0,0.53,0.69,1.0,0.0,1.0,1.0,-27.5,0,2361,0,2639,1.0,0.53,0.69,1.0,0.0,1.0,1.0
26,-27.0,2,2359,0,2639,1.0,0.53,0.69,1.0,0.0,1.0,1.0,-27.0,0,2361,0,2639,1.0,0.53,0.69,1.0,0.0,1.0,1.0,-27.0,0,2361,0,2639,1.0,0.53,0.69,1.0,0.0,1.0,1.0
27,-26.5,6,2355,0,2639,1.0,0.53,0.69,1.0,0.0,1.0,1.0,-26.5,0,2361,0,2639,1.0,0.53,0.69,1.0,0.0,1.0,1.0,-26.5,0,2361,0,2639,1.0,0.53,0.69,1.0,0.0,1.0,1.0
28,-26.0,7,2354,0,2639,1.0,0.53,0.69,1.0,0.0,1.0,1.0,-26.0,0,2361,0,2639,1.0,0.53,0.69,1.0,0.0,1.0,1.0,-26.0,0,2361,0,2639,1.0,0.53,0.69,1.0,0.0,1.0,1.0
29,-25.5,11,2350,0,2639,1.0,0.53,0.69,1.0,0.0,1.0,1.0,-25.5,0,2361,0,2639,1.0,0.53,0.69,1.0,0.0,1.0,1.0,-25.5,0,2361,0,2639,1.0,0.53,0.69,1.0,0.0,1.0,1.0
30,-25.0,16,2345,0,2639,1.0,0.53,0.69,1.0,0.01,1.0,0.99,-25.0,0,2361,0,2639,1.0,0.53,0.69,1.0,0.0,1.0,1.0,-25.0,0,2361,0,2639,1.0,0.53,0.69,1.0,0.0,1.0,1.0
31,-24.5,41,2320,0,2639,1.0,0.53,0.69,1.0,0.02,1.0,0.98,-24.5,0,2361,0,2639,1.0,0.53,0.69,1.0,0.0,1.0,1.0,-24.5,0,2361,0,2639,1.0,0.53,0.69,1.0,0.0,1.0,1.0
32,-24.0,58,2303,0,2639,1.0,0.53,0.7,1.0,0.02,1.0,0.98,-24.0,0,2361,0,2639,1.0,0.53,0.69,1.0,0.0,1.0,1.0,-24.0,0,2361,0,2639,1.0,0.53,0.69,1.0,0.0,1.0,1.0
33,-23.5,74,2287,0,2639,1.0,0.54,0.7,1.0,0.03,1.0,0.97,-23.5,0,2361,0,2639,1.0,0.53,0.69,1.0,0.0,1.0,1.0,-23.5,0,2361,0,2639,1.0,0.53,0.69,1.0,0.0,1.0,1.0
34,-23.0,104,2257,0,2639,1.0,0.54,0.7,1.0,0.04,1.0,0.96,-23.0,0,2361,0,2639,1.0,0.53,0.69,1.0,0.0,1.0,1.0,-23.0,0,2361,0,2639,1.0,0.53,0.69,1.0,0.0,1.0,1.0
35,-22.5,122,2239,0,2639,1.0,0.54,0.7,1.0,0.05,1.0,0.95,-22.5,0,2361,0,2639,1.0,0.53,0.69,1.0,0.0,1.0,1.0,-22.5,0,2361,0,2639,1.0,0.53,0.69,1.0,0.0,1.0,1.0
36,-22.0,136,2225,0,2639,1.0,0.54,0.7,1.0,0.06,1.0,0.94,-22.0,0,2361,0,2639,1.0,0.53,0.69,1.0,0.0,1.0,1.0,-22.0,0,2361,0,2639,1.0,0.53,0.69,1.0,0.0,1.0,1.0
37,-21.5,156,2205,0,2639,1.0,0.54,0.71,1.0,0.07,1.0,0.93,-21.5,0,2361,0,2639,1.0,0.53,0.69,1.0,0.0,1.0,1.0,-21.5,0,2361,0,2639,1.0,0.53,0.69,1.0,0.0,1.0,1.0
38,-21.0,177,2184,0,2639,1.0,0.55,0.71,1.0,0.07,1.0,0.93,-21.0,0,2361,0,2639,1.0,0.53,0.69,1.0,0.0,1.0,1.0,-21.0,0,2361,0,2639,1.0,0.53,0.69,1.0,0.0,1.0,1.0
39,-20.5,196,2165,0,2639,1.0,0.55,0.71,1.0,0.08,1.0,0.92,-20.5,0,2361,0,2639,1.0,0.53,0.69,1.0,0.0,1.0,1.0,-20.5,0,2361,0,2639,1.0,0.53,0.69,1.0,0.0,1.0,1.0
40,-20.0,228,2133,0,2639,1.0,0.55,0.71,1.0,0.1,1.0,0.9,-20.0,0,2361,0,2639,1.0,0.53,0.69,1.0,0.0,1.0,1.0,-20.0,0,2361,0,2639,1.0,0.53,0.69,1.0,0.0,1.0,1.0
41,-19.5,256,2105,0,2639,1.0,0.56,0.71,1.0,0.11,1.0,0.89,-19.5,0,2361,0,2639,1.0,0.53,0.69,1.0,0.0,1.0,1.0,-19.5,0,2361,0,2639,1.0,0.53,0.69,1.0,0.0,1.0,1.0
42,-19.0,290,2071,0,2639,1.0,0.56,0.72,1.0,0.12,1.0,0.88,-19.0,0,2361,0,2639,1.0,0.53,0.69,1.0,0.0,1.0,1.0,-19.0,0,2361,0,2639,1.0,0.53,0.69,1.0,0.0,1.0,1.0
43,-18.5,337,2024,0,2639,1.0,0.57,0.72,1.0,0.14,1.0,0.86,-18.5,0,2361,0,2639,1.0,0.53,0.69,1.0,0.0,1.0,1.0,-18.5,0,2361,0,2639,1.0,0.53,0.69,1.0,0.0,1.0,1.0
44,-18.0,381,1980,0,2639,1.0,0.57,0.73,1.0,0.16,1.0,0.84,-18.0,0,2361,0,2639,1.0,0.53,0.69,1.0,0.0,1.0,1.0,-18.0,0,2361,0,2639,1.0,0.53,0.69,1.0,0.0,1.0,1.0
45,-17.5,431,1930,0,2639,1.0,0.58,0.73,1.0,0.18,1.0,0.82,-17.5,0,2361,0,2639,1.0,0.53,0.69,1.0,0.0,1.0,1.0,-17.5,0,2361,0,2639,1.0,0.53,0.69,1.0,0.0,1.0,1.0
46,-17.0,514,1847,0,2639,1.0,0.59,0.74,1.0,0.22,1.0,0.78,-17.0,0,2361,0,2639,1.0,0.53,0.69,1.0,0.0,1.0,1.0,-17.0,0,2361,0,2639,1.0,0.53,0.69,1.0,0.0,1.0,1.0
47,-16.5,571,1790,0,2639,1.0,0.6,0.75,1.0,0.24,1.0,0.76,-16.5,0,2361,0,2639,1.0,0.53,0.69,1.0,0.0,1.0,1.0,-16.5,0,2361,0,2639,1.0,0.53,0.69,1.0,0.0,1.0,1.0
48,-16.0,643,1718,0,2639,1.0,0.61,0.75,1.0,0.27,1.0,0.73,-16.0,0,2361,0,2639,1.0,0.53,0.69,1.0,0.0,1.0,1.0,-16.0,0,2361,0,2639,1.0,0.53,0.69,1.0,0.0,1.0,1.0
49,-15.5,718,1643,0,2639,1.0,0.62,0.76,1.0,0.3,1.0,0.7,-15.5,0,2361,0,2639,1.0,0.53,0.69,1.0,0.0,1.0,1.0,-15.5,0,2361,0,2639,1.0,0.53,0.69,1.0,0.0,1.0,1.0
50,-15.0,809,1552,0,2639,1.0,0.63,0.77,1.0,0.34,1.0,0.66,-15.0,0,2361,0,2639,1.0,0.53,0.69,1.0,0.0,1.0,1.0,-15.0,0,2361,0,2639,1.0,0.53,0.69,1.0,0.0,1.0,1.0
51,-14.5,887,1474,0,2639,1.0,0.64,0.78,1.0,0.38,1.0,0.62,-14.5,0,2361,0,2639,1.0,0.53,0.69,1.0,0.0,1.0,1.0,-14.5,0,2361,0,2639,1.0,0.53,0.69,1.0,0.0,1.0,1.0
52,-14.0,986,1375,0,2639,1.0,0.66,0.79,1.0,0.42,1.0,0.58,-14.0,0,2361,0,2639,1.0,0.53,0.69,1.0,0.0,1.0,1.0,-14.0,0,2361,0,2639,1.0,0.53,0.69,1.0,0.0,1.0,1.0
53,-13.5,1058,1303,0,2639,1.0,0.67,0.8,1.0,0.45,1.0,0.55,-13.5,0,2361,0,2639,1.0,0.53,0.69,1.0,0.0,1.0,1.0,-13.5,0,2361,0,2639,1.0,0.53,0.69,1.0,0.0,1.0,1.0
54,-13.0,1136,1225,0,2639,1.0,0.68,0.81,1.0,0.48,1.0,0.52,-13.0,0,2361,0,2639,1.0,0.53,0.69,1.0,0.0,1.0,1.0,-13.0,0,2361,0,2639,1.0,0.53,0.69,1.0,0.0,1.0,1.0
55,-12.5,1213,1148,0,2639,1.0,0.7,0.82,1.0,0.51,1.0,0.49,-12.5,0,2361,0,2639,1.0,0.53,0.69,1.0,0.0,1.0,1.0,-12.5,0,2361,0,2639,1.0,0.53,0.69,1.0,0.0,1.0,1.0
56,-12.0,1317,1044,0,2639,1.0,0.72,0.83,1.0,0.56,1.0,0.44,-12.0,0,2361,0,2639,1.0,0.53,0.69,1.0,0.0,1.0,1.0,-12.0,0,2361,0,2639,1.0,0.53,0.69,1.0,0.0,1.0,1.0
57,-11.5,1387,974,0,2639,1.0,0.73,0.84,1.0,0.59,1.0,0.41,-11.5,0,2361,0,2639,1.0,0.53,0.69,1.0,0.0,1.0,1.0,-11.5,0,2361,0,2639,1.0,0.53,0.69,1.0,0.0,1.0,1.0
58,-11.0,1462,899,0,2639,1.0,0.75,0.85,1.0,0.62,1.0,0.38,-11.0,0,2361,0,2639,1.0,0.53,0.69,1.0,0.0,1.0,1.0,-11.0,0,2361,0,2639,1.0,0.53,0.69,1.0,0.0,1.0,1.0
59,-10.5,1539,822,0,2639,1.0,0.76,0.87,1.0,0.65,1.0,0.35,-10.5,0,2361,0,2639,1.0,0.53,0.69,1.0,0.0,1.0,1.0,-10.5,0,2361,0,2639,1.0,0.53,0.69,1.0,0.0,1.0,1.0
60,-10.0,1608,753,0,2639,1.0,0.78,0.88,1.0,0.68,1.0,0.32,-10.0,0,2361,0,2639,1.0,0.53,0.69,1.0,0.0,1.0,1.0,-10.0,0,2361,0,2639,1.0,0.53,0.69,1.0,0.0,1.0,1.0
61,-9.5,1662,699,0,2639,1.0,0.79,0.88,1.0,0.7,1.0,0.3,-9.5,680,1681,0,2639,1.0,0.61,0.76,1.0,0.29,1.0,0.71,-9.5,0,2361,0,2639,1.0,0.53,0.69,1.0,0.0,1.0,1.0
62,-9.0,1721,640,0,2639,1.0,0.8,0.89,1.0,0.73,1.0,0.27,-9.0,1530,831,0,2639,1.0,0.76,0.86,1.0,0.65,1.0,0.35,-9.0,0,2361,0,2639,1.0,0.53,0.69,1.0,0.0,1.0,1.0
63,-8.5,1769,592,0,2639,1.0,0.82,0.9,1.0,0.75,1.0,0.25,-8.5,1741,620,0,2639,1.0,0.81,0.89,1.0,0.74,1.0,0.26,-8.5,0,2361,0,2639,1.0,0.53,0.69,1.0,0.0,1.0,1.0
64,-8.0,1811,550,0,2639,1.0,0.83,0.91,1.0,0.77,1.0,0.23,-8.0,1741,620,0,2639,1.0,0.81,0.89,1.0,0.74,1.0,0.26,-8.0,0,2361,0,2639,1.0,0.53,0.69,1.0,0.0,1.0,1.0
65,-7.5,1865,496,0,2639,1.0,0.84,0.91,1.0,0.79,1.0,0.21,-7.5,1741,620,0,2639,1.0,0.81,0.89,1.0,0.74,1.0,0.26,-7.5,0,2361,0,2639,1.0,0.53,0.69,1.0,0.0,1.0,1.0
66,-7.0,1908,453,1,2638,1.0,0.85,0.92,1.0,0.81,1.0,0.19,-7.0,1784,577,0,2639,1.0,0.82,0.9,1.0,0.76,1.0,0.24,-7.0,0,2361,0,2639,1.0,0.53,0.69,1.0,0.0,1.0,1.0
67,-6.5,1948,413,1,2638,1.0,0.86,0.93,1.0,0.83,1.0,0.17,-6.5,1818,543,0,2639,1.0,0.83,0.91,1.0,0.77,1.0,0.23,-6.5,0,2361,0,2639,1.0,0.53,0.69,1.0,0.0,1.0,1.0
68,-6.0,1986,375,3,2636,1.0,0.88,0.93,1.0,0.84,1.0,0.16,-6.0,1923,438,0,2639,1.0,0.86,0.92,1.0,0.81,1.0,0.19,-6.0,0,2361,0,2639,1.0,0.53,0.69,1.0,0.0,1.0,1.0
69,-5.5,2020,341,3,2636,1.0,0.89,0.94,1.0,0.86,1.0,0.14,-5.5,1951,410,0,2639,1.0,0.87,0.93,1.0,0.83,1.0,0.17,-5.5,0,2361,0,2639,1.0,0.53,0.69,1.0,0.0,1.0,1.0
70,-5.0,2047,314,4,2635,1.0,0.89,0.94,1.0,0.87,1.0,0.13,-5.0,1957,404,0,2639,1.0,0.87,0.93,1.0,0.83,1.0,0.17,-5.0,0,2361,0,2639,1.0,0.53,0.69,1.0,0.0,1.0,1.0
71,-4.5,2079,282,6,2633,1.0,0.9,0.95,1.0,0.88,1.0,0.12,-4.5,1957,404,0,2639,1.0,0.87,0.93,1.0,0.83,1.0,0.17,-4.5,2360,1,2,2637,1.0,1.0,1.0,1.0,1.0,1.0,0.0
72,-4.0,2107,254,6,2633,1.0,0.91,0.95,1.0,0.89,1.0,0.11,-4.0,1957,404,0,2639,1.0,0.87,0.93,1.0,0.83,1.0,0.17,-4.0,2360,1,2,2637,1.0,1.0,1.0,1.0,1.0,1.0,0.0
73,-3.5,2140,221,6,2633,1.0,0.92,0.96,1.0,0.91,1.0,0.09,-3.5,1957,404,0,2639,1.0,0.87,0.93,1.0,0.83,1.0,0.17,-3.5,2360,1,2,2637,1.0,1.0,1.0,1.0,1.0,1.0,0.0
74,-3.0,2160,201,8,2631,1.0,0.93,0.96,1.0,0.91,1.0,0.09,-3.0,1959,402,0,2639,1.0,0.87,0.93,1.0,0.83,1.0,0.17,-3.0,2360,1,2,2637,1.0,1.0,1.0,1.0,1.0,1.0,0.0
75,-2.5,2179,182,8,2631,1.0,0.94,0.97,1.0,0.92,1.0,0.08,-2.5,1959,402,0,2639,1.0,0.87,0.93,1.0,0.83,1.0,0.17,-2.5,2360,1,2,2637,1.0,1.0,1.0,1.0,1.0,1.0,0.0
76,-2.0,2207,154,8,2631,1.0,0.94,0.97,1.0,0.93,1.0,0.07,-2.0,1959,402,0,2639,1.0,0.87,0.93,1.0,0.83,1.0,0.17,-2.0,2360,1,2,2637,1.0,1.0,1.0,1.0,1.0,1.0,0.0
77,-1.5,2228,133,11,2628,1.0,0.95,0.97,1.0,0.94,1.0,0.06,-1.5,1959,402,0,2639,1.0,0.87,0.93,1.0,0.83,1.0,0.17,-1.5,2360,1,2,2637,1.0,1.0,1.0,1.0,1.0,1.0,0.0
78,-1.0,2257,104,18,2621,0.99,0.96,0.98,0.99,0.96,0.99,0.04,-1.0,2354,7,127,2512,0.95,1.0,0.97,0.95,1.0,0.95,0.0,-1.0,2360,1,2,2637,1.0,1.0,1.0,1.0,1.0,1.0,0.0
79,-0.5,2279,82,23,2616,0.99,0.97,0.98,0.99,0.97,0.99,0.03,-0.5,2354,7,127,2512,0.95,1.0,0.97,0.95,1.0,0.95,0.0,-0.5,2360,1,2,2637,1.0,1.0,1.0,1.0,1.0,1.0,0.0
80,0.0,2291,70,28,2611,0.99,0.97,0.98,0.99,0.97,0.99,0.03,0.0,2354,7,127,2512,0.95,1.0,0.97,0.95,1.0,0.95,0.0,0.0,2360,1,2,2637,1.0,1.0,1.0,1.0,1.0,1.0,0.0
81,0.5,2308,53,39,2600,0.99,0.98,0.98,0.99,0.98,0.99,0.02,0.5,2354,7,127,2512,0.95,1.0,0.97,0.95,1.0,0.95,0.0,0.5,2360,1,2,2637,1.0,1.0,1.0,1.0,1.0,1.0,0.0
82,1.0,2317,44,52,2587,0.98,0.98,0.98,0.98,0.98,0.98,0.02,1.0,2354,7,127,2512,0.95,1.0,0.97,0.95,1.0,0.95,0.0,1.0,2360,1,2,2637,1.0,1.0,1.0,1.0,1.0,1.0,0.0
83,1.5,2326,35,58,2581,0.98,0.99,0.98,0.98,0.99,0.98,0.01,1.5,2354,7,127,2512,0.95,1.0,0.97,0.95,1.0,0.95,0.0,1.5,2360,1,2,2637,1.0,1.0,1.0,1.0,1.0,1.0,0.0
84,2.0,2331,30,67,2572,0.97,0.99,0.98,0.97,0.99,0.97,0.01,2.0,2354,7,127,2512,0.95,1.0,0.97,0.95,1.0,0.95,0.0,2.0,2360,1,2,2637,1.0,1.0,1.0,1.0,1.0,1.0,0.0
85,2.5,2335,26,78,2561,0.97,0.99,0.98,0.97,0.99,0.97,0.01,2.5,2359,2,170,2469,0.94,1.0,0.97,0.94,1.0,0.94,0.0,2.5,2360,1,2,2637,1.0,1.0,1.0,1.0,1.0,1.0,0.0
86,3.0,2339,22,95,2544,0.96,0.99,0.98,0.96,0.99,0.96,0.01,3.0,2361,0,200,2439,0.92,1.0,0.96,0.92,1.0,0.92,0.0,3.0,2360,1,2,2637,1.0,1.0,1.0,1.0,1.0,1.0,0.0
87,3.5,2346,15,110,2529,0.96,0.99,0.98,0.96,0.99,0.96,0.01,3.5,2361,0,200,2439,0.92,1.0,0.96,0.92,1.0,0.92,0.0,3.5,2360,1,2,2637,1.0,1.0,1.0,1.0,1.0,1.0,0.0
88,4.0,2349,12,133,2506,0.95,1.0,0.97,0.95,0.99,0.95,0.01,4.0,2361,0,200,2439,0.92,1.0,0.96,0.92,1.0,0.92,0.0,4.0,2360,1,2,2637,1.0,1.0,1.0,1.0,1.0,1.0,0.0
89,4.5,2352,9,146,2493,0.94,1.0,0.97,0.94,1.0,0.94,0.0,4.5,2361,0,200,2439,0.92,1.0,0.96,0.92,1.0,0.92,0.0,4.5,2360,1,2,2637,1.0,1.0,1.0,1.0,1.0,1.0,0.0
90,5.0,2355,6,162,2477,0.94,1.0,0.97,0.94,1.0,0.94,0.0,5.0,2361,0,200,2439,0.92,1.0,0.96,0.92,1.0,0.92,0.0,5.0,2361,0,2639,0,0.0,1.0,0.0,0.0,1.0,0.0,0.0
91,5.5,2358,3,186,2453,0.93,1.0,0.96,0.93,1.0,0.93,0.0,5.5,2361,0,200,2439,0.92,1.0,0.96,0.92,1.0,0.92,0.0,5.5,2361,0,2639,0,0.0,1.0,0.0,0.0,1.0,0.0,0.0
92,6.0,2358,3,202,2437,0.92,1.0,0.96,0.92,1.0,0.92,0.0,6.0,2361,0,200,2439,0.92,1.0,0.96,0.92,1.0,0.92,0.0,6.0,2361,0,2639,0,0.0,1.0,0.0,0.0,1.0,0.0,0.0
93,6.5,2360,1,225,2414,0.91,1.0,0.96,0.91,1.0,0.91,0.0,6.5,2361,0,200,2439,0.92,1.0,0.96,0.92,1.0,0.92,0.0,6.5,2361,0,2639,0,0.0,1.0,0.0,0.0,1.0,0.0,0.0
94,7.0,2360,1,248,2391,0.91,1.0,0.95,0.91,1.0,0.91,0.0,7.0,2361,0,309,2330,0.88,1.0,0.94,0.88,1.0,0.88,0.0,7.0,2361,0,2639,0,0.0,1.0,0.0,0.0,1.0,0.0,0.0
95,7.5,2361,0,267,2372,0.9,1.0,0.95,0.9,1.0,0.9,0.0,7.5,2361,0,712,1927,0.73,1.0,0.84,0.73,1.0,0.73,0.0,7.5,2361,0,2639,0,0.0,1.0,0.0,0.0,1.0,0.0,0.0
96,8.0,2361,0,282,2357,0.89,1.0,0.94,0.89,1.0,0.89,0.0,8.0,2361,0,1090,1549,0.59,1.0,0.74,0.59,1.0,0.59,0.0,8.0,2361,0,2639,0,0.0,1.0,0.0,0.0,1.0,0.0,0.0
97,8.5,2361,0,313,2326,0.88,1.0,0.94,0.88,1.0,0.88,0.0,8.5,2361,0,1246,1393,0.53,1.0,0.69,0.53,1.0,0.53,0.0,8.5,2361,0,2639,0,0.0,1.0,0.0,0.0,1.0,0.0,0.0
98,9.0,2361,0,341,2298,0.87,1.0,0.93,0.87,1.0,0.87,0.0,9.0,2361,0,1707,932,0.35,1.0,0.52,0.35,1.0,0.35,0.0,9.0,2361,0,2639,0,0.0,1.0,0.0,0.0,1.0,0.0,0.0
99,9.5,2361,0,374,2265,0.86,1.0,0.92,0.86,1.0,0.86,0.0,9.5,2361,0,2639,0,0.0,1.0,0.0,0.0,1.0,0.0,0.0,9.5,2361,0,2639,0,0.0,1.0,0.0,0.0,1.0,0.0,0.0
100,10.0,2361,0,392,2247,0.85,1.0,0.92,0.85,1.0,0.85,0.0,10.0,2361,0,2639,0,0.0,1.0,0.0,0.0,1.0,0.0,0.0,10.0,2361,0,2639,0,0.0,1.0,0.0,0.0,1.0,0.0,0.0
101,10.5,2361,0,408,2231,0.85,1.0,0.92,0.85,1.0,0.85,0.0,10.5,2361,0,2639,0,0.0,1.0,0.0,0.0,1.0,0.0,0.0,10.5,2361,0,2639,0,0.0,1.0,0.0,0.0,1.0,0.0,0.0
102,11.0,2361,0,439,2200,0.83,1.0,0.91,0.83,1.0,0.83,0.0,11.0,2361,0,2639,0,0.0,1.0,0.0,0.0,1.0,0.0,0.0,11.0,2361,0,2639,0,0.0,1.0,0.0,0.0,1.0,0.0,0.0
103,11.5,2361,0,459,2180,0.83,1.0,0.9,0.83,1.0,0.83,0.0,11.5,2361,0,2639,0,0.0,1.0,0.0,0.0,1.0,0.0,0.0,11.5,2361,0,2639,0,0.0,1.0,0.0,0.0,1.0,0.0,0.0
104,12.0,2361,0,481,2158,0.82,1.0,0.9,0.82,1.0,0.82,0.0,12.0,2361,0,2639,0,0.0,1.0,0.0,0.0,1.0,0.0,0.0,12.0,2361,0,2639,0,0.0,1.0,0.0,0.0,1.0,0.0,0.0
105,12.5,2361,0,504,2135,0.81,1.0,0.89,0.81,1.0,0.81,0.0,12.5,2361,0,2639,0,0.0,1.0,0.0,0.0,1.0,0.0,0.0,12.5,2361,0,2639,0,0.0,1.0,0.0,0.0,1.0,0.0,0.0
106,13.0,2361,0,535,2104,0.8,1.0,0.89,0.8,1.0,0.8,0.0,13.0,2361,0,2639,0,0.0,1.0,0.0,0.0,1.0,0.0,0.0,13.0,2361,0,2639,0,0.0,1.0,0.0,0.0,1.0,0.0,0.0
107,13.5,2361,0,554,2085,0.79,1.0,0.88,0.79,1.0,0.79,0.0,13.5,2361,0,2639,0,0.0,1.0,0.0,0.0,1.0,0.0,0.0,13.5,2361,0,2639,0,0.0,1.0,0.0,0.0,1.0,0.0,0.0
108,14.0,2361,0,588,2051,0.78,1.0,0.87,0.78,1.0,0.78,0.0,14.0,2361,0,2639,0,0.0,1.0,0.0,0.0,1.0,0.0,0.0,14.0,2361,0,2639,0,0.0,1.0,0.0,0.0,1.0,0.0,0.0
109,14.5,2361,0,618,2021,0.77,1.0,0.87,0.77,1.0,0.77,0.0,14.5,2361,0,2639,0,0.0,1.0,0.0,0.0,1.0,0.0,0.0,14.5,2361,0,2639,0,0.0,1.0,0.0,0.0,1.0,0.0,0.0
110,15.0,2361,0,672,1967,0.75,1.0,0.85,0.75,1.0,0.75,0.0,15.0,2361,0,2639,0,0.0,1.0,0.0,0.0,1.0,0.0,0.0,15.0,2361,0,2639,0,0.0,1.0,0.0,0.0,1.0,0.0,0.0
111,15.5,2361,0,711,1928,0.73,1.0,0.84,0.73,1.0,0.73,0.0,15.5,2361,0,2639,0,0.0,1.0,0.0,0.0,1.0,0.0,0.0,15.5,2361,0,2639,0,0.0,1.0,0.0,0.0,1.0,0.0,0.0
112,16.0,2361,0,774,1865,0.71,1.0,0.83,0.71,1.0,0.71,0.0,16.0,2361,0,2639,0,0.0,1.0,0.0,0.0,1.0,0.0,0.0,16.0,2361,0,2639,0,0.0,1.0,0.0,0.0,1.0,0.0,0.0
113,16.5,2361,0,823,1816,0.69,1.0,0.82,0.69,1.0,0.69,0.0,16.5,2361,0,2639,0,0.0,1.0,0.0,0.0,1.0,0.0,0.0,16.5,2361,0,2639,0,0.0,1.0,0.0,0.0,1.0,0.0,0.0
114,17.0,2361,0,847,1792,0.68,1.0,0.81,0.68,1.0,0.68,0.0,17.0,2361,0,2639,0,0.0,1.0,0.0,0.0,1.0,0.0,0.0,17.0,2361,0,2639,0,0.0,1.0,0.0,0.0,1.0,0.0,0.0
115,17.5,2361,0,878,1761,0.67,1.0,0.8,0.67,1.0,0.67,0.0,17.5,2361,0,2639,0,0.0,1.0,0.0,0.0,1.0,0.0,0.0,17.5,2361,0,2639,0,0.0,1.0,0.0,0.0,1.0,0.0,0.0
116,18.0,2361,0,913,1726,0.65,1.0,0.79,0.65,1.0,0.65,0.0,18.0,2361,0,2639,0,0.0,1.0,0.0,0.0,1.0,0.0,0.0,18.0,2361,0,2639,0,0.0,1.0,0.0,0.0,1.0,0.0,0.0
117,18.5,2361,0,944,1695,0.64,1.0,0.78,0.64,1.0,0.64,0.0,18.5,2361,0,2639,0,0.0,1.0,0.0,0.0,1.0,0.0,0.0,18.5,2361,0,2639,0,0.0,1.0,0.0,0.0,1.0,0.0,0.0
118,19.0,2361,0,982,1657,0.63,1.0,0.77,0.63,1.0,0.63,0.0,19.0,2361,0,2639,0,0.0,1.0,0.0,0.0,1.0,0.0,0.0,19.0,2361,0,2639,0,0.0,1.0,0.0,0.0,1.0,0.0,0.0
119,19.5,2361,0,1004,1635,0.62,1.0,0.77,0.62,1.0,0.62,0.0,19.5,2361,0,2639,0,0.0,1.0,0.0,0.0,1.0,0.0,0.0,19.5,2361,0,2639,0,0.0,1.0,0.0,0.0,1.0,0.0,0.0
120,20.0,2361,0,1046,1593,0.6,1.0,0.75,0.6,1.0,0.6,0.0,20.0,2361,0,2639,0,0.0,1.0,0.0,0.0,1.0,0.0,0.0,20.0,2361,0,2639,0,0.0,1.0,0.0,0.0,1.0,0.0,0.0
121,20.5,2361,0,1077,1562,0.59,1.0,0.74,0.59,1.0,0.59,0.0,20.5,2361,0,2639,0,0.0,1.0,0.0,0.0,1.0,0.0,0.0,20.5,2361,0,2639,0,0.0,1.0,0.0,0.0,1.0,0.0,0.0
122,21.0,2361,0,1113,1526,0.58,1.0,0.73,0.58,1.0,0.58,0.0,21.0,2361,0,2639,0,0.0,1.0,0.0,0.0,1.0,0.0,0.0,21.0,2361,0,2639,0,0.0,1.0,0.0,0.0,1.0,0.0,0.0
123,21.5,2361,0,1149,1490,0.56,1.0,0.72,0.56,1.0,0.56,0.0,21.5,2361,0,2639,0,0.0,1.0,0.0,0.0,1.0,0.0,0.0,21.5,2361,0,2639,0,0.0,1.0,0.0,0.0,1.0,0.0,0.0
124,22.0,2361,0,1212,1427,0.54,1.0,0.7,0.54,1.0,0.54,0.0,22.0,2361,0,2639,0,0.0,1.0,0.0,0.0,1.0,0.0,0.0,22.0,2361,0,2639,0,0.0,1.0,0.0,0.0,1.0,0.0,0.0
125,22.5,2361,0,1269,1370,0.52,1.0,0.68,0.52,1.0,0.52,0.0,22.5,2361,0,2639,0,0.0,1.0,0.0,0.0,1.0,0.0,0.0,22.5,2361,0,2639,0,0.0,1.0,0.0,0.0,1.0,0.0,0.0
126,23.0,2361,0,1334,1305,0.49,1.0,0.66,0.49,1.0,0.49,0.0,23.0,2361,0,2639,0,0.0,1.0,0.0,0.0,1.0,0.0,0.0,23.0,2361,0,2639,0,0.0,1.0,0.0,0.0,1.0,0.0,0.0
127,23.5,2361,0,1402,1237,0.47,1.0,0.64,0.47,1.0,0.47,0.0,23.5,2361,0,2639,0,0.0,1.0,0.0,0.0,1.0,0.0,0.0,23.5,2361,0,2639,0,0.0,1.0,0.0,0.0,1.0,0.0,0.0
128,24.0,2361,0,1460,1179,0.45,1.0,0.62,0.45,1.0,0.45,0.0,24.0,2361,0,2639,0,0.0,1.0,0.0,0.0,1.0,0.0,0.0,24.0,2361,0,2639,0,0.0,1.0,0.0,0.0,1.0,0.0,0.0
129,24.5,2361,0,1533,1106,0.42,1.0,0.59,0.42,1.0,0.42,0.0,24.5,2361,0,2639,0,0.0,1.0,0.0,0.0,1.0,0.0,0.0,24.5,2361,0,2639,0,0.0,1.0,0.0,0.0,1.0,0.0,0.0
130,25.0,2361,0,1585,1054,0.4,1.0,0.57,0.4,1.0,0.4,0.0,25.0,2361,0,2639,0,0.0,1.0,0.0,0.0,1.0,0.0,0.0,25.0,2361,0,2639,0,0.0,1.0,0.0,0.0,1.0,0.0,0.0
131,25.5,2361,0,1655,984,0.37,1.0,0.54,0.37,1.0,0.37,0.0,25.5,2361,0,2639,0,0.0,1.0,0.0,0.0,1.0,0.0,0.0,25.5,2361,0,2639,0,0.0,1.0,0.0,0.0,1.0,0.0,0.0
132,26.0,2361,0,1730,909,0.34,1.0,0.51,0.34,1.0,0.34,0.0,26.0,2361,0,2639,0,0.0,1.0,0.0,0.0,1.0,0.0,0.0,26.0,2361,0,2639,0,0.0,1.0,0.0,0.0,1.0,0.0,0.0
133,26.5,2361,0,1801,838,0.32,1.0,0.48,0.32,1.0,0.32,0.0,26.5,2361,0,2639,0,0.0,1.0,0.0,0.0,1.0,0.0,0.0,26.5,2361,0,2639,0,0.0,1.0,0.0,0.0,1.0,0.0,0.0
134,27.0,2361,0,1897,742,0.28,1.0,0.44,0.28,1.0,0.28,0.0,27.0,2361,0,2639,0,0.0,1.0,0.0,0.0,1.0,0.0,0.0,27.0,2361,0,2639,0,0.0,1.0,0.0,0.0,1.0,0.0,0.0
135,27.5,2361,0,1968,671,0.25,1.0,0.41,0.25,1.0,0.25,0.0,27.5,2361,0,2639,0,0.0,1.0,0.0,0.0,1.0,0.0,0.0,27.5,2361,0,2639,0,0.0,1.0,0.0,0.0,1.0,0.0,0.0
136,28.0,2361,0,2034,605,0.23,1.0,0.37,0.23,1.0,0.23,0.0,28.0,2361,0,2639,0,0.0,1.0,0.0,0.0,1.0,0.0,0.0,28.0,2361,0,2639,0,0.0,1.0,0.0,0.0,1.0,0.0,0.0
137,28.5,2361,0,2120,519,0.2,1.0,0.33,0.2,1.0,0.2,0.0,28.5,2361,0,2639,0,0.0,1.0,0.0,0.0,1.0,0.0,0.0,28.5,2361,0,2639,0,0.0,1.0,0.0,0.0,1.0,0.0,0.0
138,29.0,2361,0,2201,438,0.17,1.0,0.28,0.17,1.0,0.17,0.0,29.0,2361,0,2639,0,0.0,1.0,0.0,0.0,1.0,0.0,0.0,29.0,2361,0,2639,0,0.0,1.0,0.0,0.0,1.0,0.0,0.0
139,29.5,2361,0,2268,371,0.14,1.0,0.25,0.14,1.0,0.14,0.0,29.5,2361,0,2639,0,0.0,1.0,0.0,0.0,1.0,0.0,0.0,29.5,2361,0,2639,0,0.0,1.0,0.0,0.0,1.0,0.0,0.0
140,30.0,2361,0,2338,301,0.11,1.0,0.2,0.11,1.0,0.11,0.0,30.0,2361,0,2639,0,0.0,1.0,0.0,0.0,1.0,0.0,0.0,30.0,2361,0,2639,0,0.0,1.0,0.0,0.0,1.0,0.0,0.0
141,30.5,2361,0,2400,239,0.09,1.0,0.17,0.09,1.0,0.09,0.0,30.5,2361,0,2639,0,0.0,1.0,0.0,0.0,1.0,0.0,0.0,30.5,2361,0,2639,0,0.0,1.0,0.0,0.0,1.0,0.0,0.0
142,31.0,2361,0,2448,191,0.07,1.0,0.13,0.07,1.0,0.07,0.0,31.0,2361,0,2639,0,0.0,1.0,0.0,0.0,1.0,0.0,0.0,31.0,2361,0,2639,0,0.0,1.0,0.0,0.0,1.0,0.0,0.0
143,31.5,2361,0,2485,154,0.06,1.0,0.11,0.06,1.0,0.06,0.0,31.5,2361,0,2639,0,0.0,1.0,0.0,0.0,1.0,0.0,0.0,31.5,2361,0,2639,0,0.0,1.0,0.0,0.0,1.0,0.0,0.0
144,32.0,2361,0,2514,125,0.05,1.0,0.09,0.05,1.0,0.05,0.0,32.0,2361,0,2639,0,0.0,1.0,0.0,0.0,1.0,0.0,0.0,32.0,2361,0,2639,0,0.0,1.0,0.0,0.0,1.0,0.0,0.0
145,32.5,2361,0,2533,106,0.04,1.0,0.08,0.04,1.0,0.04,0.0,32.5,2361,0,2639,0,0.0,1.0,0.0,0.0,1.0,0.0,0.0,32.5,2361,0,2639,0,0.0,1.0,0.0,0.0,1.0,0.0,0.0
146,33.0,2361,0,2559,80,0.03,1.0,0.06,0.03,1.0,0.03,0.0,33.0,2361,0,2639,0,0.0,1.0,0.0,0.0,1.0,0.0,0.0,33.0,2361,0,2639,0,0.0,1.0,0.0,0.0,1.0,0.0,0.0
147,33.5,2361,0,2578,61,0.02,1.0,0.05,0.02,1.0,0.02,0.0,33.5,2361,0,2639,0,0.0,1.0,0.0,0.0,1.0,0.0,0.0,33.5,2361,0,2639,0,0.0,1.0,0.0,0.0,1.0,0.0,0.0
148,34.0,2361,0,2596,43,0.02,1.0,0.03,0.02,1.0,0.02,0.0,34.0,2361,0,2639,0,0.0,1.0,0.0,0.0,1.0,0.0,0.0,34.0,2361,0,2639,0,0.0,1.0,0.0,0.0,1.0,0.0,0.0
149,34.5,2361,0,2608,31,0.01,1.0,0.02,0.01,1.0,0.01,0.0,34.5,2361,0,2639,0,0.0,1.0,0.0,0.0,1.0,0.0,0.0,34.5,2361,0,2639,0,0.0,1.0,0.0,0.0,1.0,0.0,0.0
150,35.0,2361,0,2614,25,0.01,1.0,0.02,0.01,1.0,0.01,0.0,35.0,2361,0,2639,0,0.0,1.0,0.0,0.0,1.0,0.0,0.0,35.0,2361,0,2639,0,0.0,1.0,0.0,0.0,1.0,0.0,0.0
151,35.5,2361,0,2619,20,0.01,1.0,0.02,0.01,1.0,0.01,0.0,35.5,2361,0,2639,0,0.0,1.0,0.0,0.0,1.0,0.0,0.0,35.5,2361,0,2639,0,0.0,1.0,0.0,0.0,1.0,0.0,0.0
152,36.0,2361,0,2623,16,0.01,1.0,0.01,0.01,1.0,0.01,0.0,36.0,2361,0,2639,0,0.0,1.0,0.0,0.0,1.0,0.0,0.0,36.0,2361,0,2639,0,0.0,1.0,0.0,0.0,1.0,0.0,0.0
153,36.5,2361,0,2628,11,0.0,1.0,0.01,0.0,1.0,0.0,0.0,36.5,2361,0,2639,0,0.0,1.0,0.0,0.0,1.0,0.0,0.0,36.5,2361,0,2639,0,0.0,1.0,0.0,0.0,1.0,0.0,0.0
154,37.0,2361,0,2632,7,0.0,1.0,0.01,0.0,1.0,0.0,0.0,37.0,2361,0,2639,0,0.0,1.0,0.0,0.0,1.0,0.0,0.0,37.0,2361,0,2639,0,0.0,1.0,0.0,0.0,1.0,0.0,0.0
155,37.5,2361,0,2635,4,0.0,1.0,0.0,0.0,1.0,0.0,0.0,37.5,2361,0,2639,0,0.0,1.0,0.0,0.0,1.0,0.0,0.0,37.5,2361,0,2639,0,0.0,1.0,0.0,0.0,1.0,0.0,0.0
156,38.0,2361,0,2637,2,0.0,1.0,0.0,0.0,1.0,0.0,0.0,38.0,2361,0,2639,0,0.0,1.0,0.0,0.0,1.0,0.0,0.0,38.0,2361,0,2639,0,0.0,1.0,0.0,0.0,1.0,0.0,0.0
157,38.5,2361,0,2637,2,0.0,1.0,0.0,0.0,1.0,0.0,0.0,38.5,2361,0,2639,0,0.0,1.0,0.0,0.0,1.0,0.0,0.0,38.5,2361,0,2639,0,0.0,1.0,0.0,0.0,1.0,0.0,0.0
158,39.0,2361,0,2639,0,0.0,1.0,0.0,0.0,1.0,0.0,0.0,39.0,2361,0,2639,0,0.0,1.0,0.0,0.0,1.0,0.0,0.0,39.0,2361,0,2639,0,0.0,1.0,0.0,0.0,1.0,0.0,0.0
159,39.5,2361,0,2639,0,0.0,1.0,0.0,0.0,1.0,0.0,0.0,39.5,2361,0,2639,0,0.0,1.0,0.0,0.0,1.0,0.0,0.0,39.5,2361,0,2639,0,0.0,1.0,0.0,0.0,1.0,0.0,0.0
